CGPA,AptitudeScore,CommunicationSkills,ProgrammingSkills,InternshipExperience,Certifications,ProjectsCompleted,PlacementStatus
8.0,81.0,4.0,4,Yes,2,1,Placed
7.36,63.0,5.0,4,Yes,0,3,Placed
8.15,67.0,2.0,3,No,0,2,Placed
9.02,82.0,5.0,4,No,0,3,Placed
7.27,66.0,3.0,2,No,0,1,Not Placed
7.27,63.0,3.0,2,No,1,1,Not Placed
9.08,89.0,1.0,5,Yes,1,4,Placed
8.27,85.0,1.0,4,Yes,1,2,Placed
7.03,67.0,4.0,2,No,1,0,Not Placed
8.04,89.0,3.0,4,Yes,0,3,Placed
7.04,54.0,2.0,4,Yes,0,2,Placed
7.03,64.0,3.0,5,No,1,3,Placed
7.74,64.0,2.0,3,No,1,4,Placed
5.59,36.0,3.0,2,No,0,1,Not Placed
5.78,55.0,3.0,1,No,2,1,Not Placed
6.94,64.0,4.0,5,No,2,2,Placed
6.49,77.0,4.0,2,No,2,0,Not Placed
7.81,78.0,3.0,3,No,1,1,Placed
6.59,52.0,3.0,2,No,0,1,Not Placed
6.09,77.0,3.0,2,No,1,1,Not Placed
8.97,93.0,4.0,3,No,0,2,Placed
7.27,73.0,3.0,5,No,1,1,Placed
7.57,68.0,2.0,2,Yes,0,1,Placed
6.08,49.0,1.0,3,No,2,2,Not Placed
6.96,61.0,3.0,1,No,0,1,Not Placed
7.61,81.0,3.0,2,Yes,3,1,Placed
6.35,79.0,4.0,2,No,2,1,Not Placed
7.88,88.0,2.0,3,No,1,2,Placed
6.9,60.0,3.0,2,No,2,1,Not Placed
7.21,56.0,4.0,2,Yes,1,2,Placed
6.9,66.0,4.0,1,No,2,0,Not Placed
9.35,67.0,3.0,4,No,1,4,Placed
7.49,73.0,3.0,5,No,2,1,Placed
6.44,60.0,3.0,4,Yes,1,0,Placed
8.32,71.0,5.0,3,No,3,3,Placed
6.28,44.0,2.0,3,No,1,1,Not Placed
7.71,76.0,5.0,5,Yes,1,3,Placed
5.54,48.0,4.0,1,No,2,2,Not Placed
6.17,47.0,3.0,3,No,2,3,Not Placed
7.7,42.0,1.0,5,Yes,1,4,Placed
8.24,75.0,3.0,2,Yes,0,0,Placed
7.67,89.0,3.0,2,Yes,1,1,Placed
7.38,85.0,2.0,5,No,3,1,Placed
7.2,63.0,4.0,3,Yes,2,1,Placed
6.02,52.0,5.0,1,No,2,2,Not Placed
6.78,68.0,3.0,2,No,0,0,Not Placed
7.04,56.0,4.0,2,No,1,1,Placed
8.56,81.0,1.0,4,Yes,1,2,Placed
7.84,80.0,3.0,4,Yes,2,3,Placed
5.74,68.0,2.0,5,No,0,4,Placed
7.82,71.0,3.0,3,No,2,0,Placed
7.11,64.0,5.0,3,No,1,2,Placed
6.82,55.0,4.0,3,Yes,0,3,Placed
8.11,66.0,1.0,3,Yes,1,1,Placed
8.53,75.0,3.0,2,Yes,0,0,Placed
8.43,81.0,3.0,5,Yes,1,2,Placed
6.66,72.0,3.0,4,No,0,2,Placed
7.19,59.0,4.0,2,No,0,0,Placed
7.83,87.0,4.0,4,Yes,2,3,Placed
8.48,75.0,3.0,3,No,0,2,Placed
7.02,65.0,3.0,3,No,0,3,Placed
7.31,61.0,2.0,3,Yes,1,3,Placed
6.39,36.0,2.0,3,No,1,2,Not Placed
6.3,69.0,3.0,5,Yes,2,0,Placed
8.31,83.0,3.0,4,Yes,1,2,Placed
8.86,78.0,4.0,3,Yes,2,1,Placed
7.43,70.0,4.0,3,No,1,3,Placed
8.5,83.0,1.0,2,No,0,0,Placed
7.86,57.0,3.0,3,No,0,1,Placed
6.85,59.0,2.0,2,Yes,1,1,Placed
7.86,80.0,2.0,3,No,1,1,Placed
9.04,69.0,4.0,5,Yes,2,2,Placed
7.46,72.0,1.0,2,No,1,1,Not Placed
9.06,68.0,3.0,5,Yes,1,1,Placed
5.0,54.0,2.0,2,No,0,0,Not Placed
8.32,76.0,4.0,3,Yes,0,1,Placed
7.59,54.0,3.0,4,No,1,3,Placed
,79.0,2.0,2,Yes,1,1,Not Placed
7.59,63.0,3.0,3,No,1,1,Placed
5.51,45.0,4.0,2,No,0,1,Not Placed
7.28,70.0,5.0,2,Yes,1,0,Placed
7.86,84.0,2.0,1,No,2,2,Placed
8.98,71.0,4.0,4,No,0,1,Placed
6.98,66.0,5.0,3,No,1,2,Not Placed
6.69,67.0,5.0,2,No,3,2,Not Placed
7.0,72.0,3.0,5,Yes,1,3,Placed
8.42,79.0,3.0,3,Yes,1,1,Placed
7.83,68.0,3.0,4,Yes,0,2,Placed
6.97,57.0,4.0,2,No,1,1,Not Placed
8.01,74.0,3.0,3,No,0,0,Not Placed
7.6,60.0,4.0,4,No,3,3,Placed
8.47,48.0,3.0,3,No,2,2,Placed
6.8,68.0,4.0,3,No,2,2,Placed
7.17,76.0,4.0,2,No,2,0,Placed
7.11,43.0,2.0,1,No,1,1,Not Placed
6.04,48.0,4.0,2,Yes,1,1,Placed
7.8,78.0,3.0,3,Yes,2,3,Placed
7.76,92.0,4.0,4,Yes,3,0,Placed
7.51,70.0,3.0,3,Yes,1,0,Placed
7.27,60.0,3.0,5,Yes,3,2,Placed
6.08,56.0,5.0,5,Yes,1,1,Placed
7.08,80.0,2.0,2,No,1,1,Not Placed
7.16,60.0,4.0,2,Yes,1,2,Placed
6.7,55.0,3.0,4,Yes,0,2,Placed
7.34,63.0,3.0,5,Yes,0,3,Placed
7.9,,3.0,3,No,0,0,Not Placed
9.39,86.0,3.0,4,No,1,1,Placed
7.67,87.0,3.0,3,No,1,0,Placed
7.76,75.0,1.0,4,Yes,1,2,Placed
7.43,66.0,2.0,2,No,4,2,Placed
5.58,51.0,1.0,2,No,1,0,Not Placed
7.47,54.0,,1,Yes,1,1,Placed
7.56,79.0,5.0,1,Yes,0,1,Placed
9.96,88.0,3.0,4,Yes,0,4,Placed
7.31,66.0,4.0,2,No,2,0,Placed
7.8,100.0,3.0,3,No,1,1,Placed
7.47,72.0,4.0,2,No,2,0,Not Placed
6.33,53.0,4.0,2,No,0,1,Not Placed
8.64,74.0,5.0,2,No,1,0,Placed
8.25,87.0,3.0,3,Yes,0,3,Placed
8.29,77.0,4.0,5,Yes,0,3,Placed
6.59,48.0,2.0,2,No,0,1,Not Placed
8.9,90.0,5.0,3,Yes,0,2,Placed
6.1,52.0,1.0,3,Yes,1,0,Not Placed
8.09,93.0,,5,Yes,0,2,Placed
9.69,98.0,4.0,3,Yes,4,4,Placed
6.51,57.0,4.0,3,No,1,3,Not Placed
6.93,78.0,2.0,3,No,0,3,Not Placed
7.6,71.0,5.0,4,Yes,0,3,Placed
7.0,74.0,2.0,1,Yes,1,0,Not Placed
5.95,62.0,3.0,2,No,0,0,Not Placed
7.57,62.0,2.0,2,Yes,2,0,Placed
6.44,55.0,3.0,3,No,3,1,Not Placed
7.97,84.0,3.0,4,Yes,0,1,Placed
6.58,59.0,3.0,2,No,1,1,Not Placed
9.05,78.0,2.0,5,No,0,3,Placed
6.72,54.0,,1,No,1,2,Not Placed
7.18,71.0,3.0,3,Yes,1,2,Placed
8.31,97.0,4.0,3,No,0,3,Placed
6.27,49.0,4.0,2,No,0,0,Not Placed
7.73,72.0,1.0,2,No,1,0,Placed
8.81,94.0,3.0,5,Yes,1,3,Placed
5.89,56.0,2.0,1,No,0,0,Not Placed
7.68,75.0,1.0,2,No,1,0,Not Placed
7.76,61.0,4.0,3,Yes,1,1,Placed
8.28,80.0,3.0,4,Yes,2,2,Placed
6.26,58.0,2.0,3,No,0,2,Placed
6.18,69.0,2.0,2,Yes,2,1,Placed
8.02,86.0,1.0,3,No,1,2,Placed
7.8,98.0,4.0,3,No,0,2,Placed
7.75,77.0,5.0,3,No,1,1,Placed
7.85,76.0,2.0,3,Yes,1,1,Placed
6.82,66.0,2.0,3,No,3,1,Not Placed
7.73,68.0,4.0,3,No,0,1,Placed
7.79,75.0,5.0,3,No,1,2,Placed
6.79,61.0,3.0,2,No,1,1,Not Placed
9.37,86.0,1.0,5,No,3,3,Placed
7.97,86.0,1.0,5,No,1,2,Placed
6.31,50.0,3.0,3,No,3,2,Placed
8.16,86.0,3.0,3,No,3,2,Placed
6.53,75.0,1.0,1,No,0,1,Not Placed
8.29,75.0,3.0,3,No,2,2,Placed
8.66,58.0,1.0,3,Yes,4,1,Placed
6.68,57.0,4.0,3,Yes,0,2,Placed
8.46,90.0,3.0,4,No,1,3,Placed
7.91,73.0,1.0,4,Yes,1,1,Placed
8.32,66.0,3.0,4,No,0,3,Placed
9.4,80.0,3.0,4,Yes,0,1,Placed
7.25,76.0,5.0,3,Yes,0,0,Placed
6.75,69.0,3.0,2,No,0,3,Not Placed
6.61,60.0,2.0,1,Yes,1,3,Not Placed
6.68,59.0,4.0,3,No,0,0,Not Placed
7.42,65.0,2.0,1,No,2,1,Not Placed
7.84,63.0,5.0,3,No,2,1,Placed
7.78,88.0,3.0,3,No,0,1,Placed
8.33,73.0,3.0,4,No,1,3,Placed
7.51,82.0,1.0,4,No,1,4,Placed
8.95,96.0,3.0,3,Yes,3,2,Placed
7.24,77.0,4.0,3,Yes,0,1,Placed
10.0,85.0,4.0,3,Yes,0,2,Placed
8.13,79.0,2.0,3,No,3,1,Placed
6.64,62.0,2.0,3,No,3,3,Placed
6.43,,4.0,3,No,2,3,Placed
,77.0,5.0,5,Yes,2,2,Placed
7.28,56.0,1.0,2,No,0,0,Not Placed
8.21,87.0,3.0,4,Yes,1,2,Placed
7.97,69.0,3.0,4,Yes,0,0,Placed
7.43,71.0,4.0,4,Yes,0,3,Placed
6.65,66.0,1.0,2,No,2,1,Not Placed
5.99,55.0,2.0,2,No,0,0,Not Placed
7.05,72.0,4.0,3,Yes,1,1,Placed
8.36,72.0,1.0,3,Yes,3,3,Placed
7.71,80.0,3.0,3,No,0,0,Not Placed
6.25,46.0,3.0,2,No,3,2,Not Placed
7.67,72.0,3.0,3,No,4,3,Placed
7.89,92.0,3.0,4,No,1,4,Placed
6.62,52.0,3.0,3,Yes,0,1,Placed
7.65,64.0,2.0,4,Yes,1,2,Placed
7.56,75.0,3.0,3,Yes,1,1,Placed
6.36,62.0,4.0,1,No,1,0,Not Placed
7.86,76.0,4.0,3,No,0,1,Placed
8.06,79.0,2.0,3,No,3,2,Placed
8.58,84.0,2.0,3,Yes,0,1,Placed
8.55,89.0,2.0,2,Yes,2,2,Placed
6.12,63.0,3.0,3,No,0,0,Not Placed
6.56,60.0,3.0,2,Yes,1,1,Placed
8.02,80.0,4.0,3,Yes,3,2,Placed
8.01,93.0,1.0,3,Yes,0,2,Placed
8.02,72.0,1.0,2,Yes,0,2,Placed
10.0,80.0,3.0,5,No,1,3,Placed
8.07,85.0,4.0,4,Yes,2,4,Placed
8.64,77.0,2.0,4,Yes,1,2,Placed
8.45,55.0,3.0,2,No,1,1,Placed
8.15,83.0,2.0,4,No,0,0,Placed
7.18,62.0,4.0,3,Yes,3,0,Placed
8.26,75.0,4.0,4,Yes,3,2,Placed
6.73,67.0,2.0,2,No,1,0,Not Placed
7.26,69.0,2.0,3,No,2,1,Not Placed
7.01,73.0,3.0,3,No,1,1,Not Placed
7.58,66.0,2.0,3,No,1,0,Not Placed
9.81,93.0,4.0,4,No,0,4,Placed
5.63,52.0,4.0,2,No,1,0,Not Placed
8.19,82.0,4.0,3,No,1,2,Placed
5.89,63.0,4.0,1,No,0,0,Not Placed
7.03,56.0,3.0,3,Yes,1,3,Placed
8.59,89.0,2.0,2,No,2,2,Placed
7.56,65.0,4.0,3,No,1,2,Placed
6.42,69.0,3.0,2,No,1,1,Not Placed
6.78,67.0,4.0,3,No,3,0,Placed
8.18,93.0,2.0,2,Yes,0,3,Placed
6.77,61.0,1.0,3,No,1,3,Placed
7.72,68.0,5.0,4,Yes,2,3,Placed
7.55,70.0,2.0,2,No,1,1,Not Placed
6.85,61.0,5.0,2,No,1,0,Not Placed
9.64,95.0,5.0,3,Yes,0,3,Placed
8.13,58.0,4.0,4,Yes,2,2,Placed
5.47,43.0,4.0,2,No,1,1,Not Placed
7.69,60.0,3.0,3,No,2,0,Placed
6.84,74.0,4.0,2,No,1,2,Not Placed
8.35,93.0,2.0,4,Yes,1,1,Placed
6.71,62.0,3.0,4,Yes,2,2,Placed
7.39,67.0,3.0,3,Yes,1,2,Placed
8.0,74.0,3.0,4,No,1,3,Placed
8.37,88.0,3.0,2,No,1,1,Placed
6.3,51.0,3.0,2,No,2,0,Not Placed
7.17,69.0,3.0,1,Yes,1,0,Not Placed
7.03,75.0,4.0,2,Yes,1,1,Placed
6.85,69.0,2.0,2,No,0,3,Not Placed
9.27,86.0,5.0,3,No,3,3,Placed
7.9,83.0,4.0,3,No,0,1,Placed
6.24,32.0,4.0,4,No,1,4,Not Placed
8.42,84.0,3.0,4,Yes,1,2,Placed
9.62,80.0,4.0,5,Yes,1,2,Placed
8.53,59.0,1.0,4,Yes,1,2,Placed
5.98,62.0,4.0,1,No,0,1,Not Placed
7.02,79.0,1.0,3,Yes,1,2,Placed
8.77,78.0,4.0,3,No,2,2,Placed
6.79,73.0,5.0,3,No,2,1,Placed
7.94,89.0,2.0,3,No,0,1,Not Placed
8.27,89.0,2.0,5,Yes,2,0,Placed
6.57,78.0,4.0,2,No,1,1,Not Placed
7.44,76.0,2.0,2,No,2,0,Placed
5.0,50.0,4.0,3,Yes,1,0,Not Placed
6.48,45.0,2.0,1,No,1,1,Not Placed
7.25,65.0,2.0,3,Yes,3,2,Placed
,51.0,5.0,3,No,2,2,Placed
9.13,100.0,4.0,5,Yes,1,2,Placed
6.07,56.0,4.0,5,Yes,0,3,Placed
7.06,67.0,3.0,5,Yes,1,4,Placed
7.63,76.0,4.0,2,No,1,2,Placed
8.94,81.0,3.0,4,Yes,0,3,Placed
6.06,75.0,3.0,3,Yes,0,1,Not Placed
8.66,73.0,4.0,4,Yes,2,4,Placed
7.51,72.0,3.0,2,Yes,0,0,Placed
6.52,54.0,3.0,3,No,1,1,Not Placed
7.96,60.0,2.0,5,Yes,0,2,Placed
7.7,65.0,4.0,5,Yes,1,1,Placed
6.9,64.0,2.0,2,No,0,3,Not Placed
7.57,66.0,4.0,1,Yes,0,1,Placed
7.11,59.0,2.0,2,No,2,1,Not Placed
7.61,56.0,3.0,4,Yes,2,3,Placed
8.16,74.0,4.0,4,Yes,0,2,Placed
9.09,67.0,2.0,4,Yes,1,0,Placed
6.26,67.0,1.0,1,Yes,1,1,Not Placed
9.63,87.0,2.0,4,No,2,3,Placed
5.55,39.0,3.0,2,No,2,1,Not Placed
7.35,65.0,4.0,4,Yes,1,3,Placed
8.09,67.0,1.0,4,Yes,1,2,Placed
7.78,75.0,4.0,3,Yes,2,1,Placed
6.88,78.0,3.0,3,No,0,1,Placed
7.29,49.0,3.0,1,No,1,0,Not Placed
7.01,67.0,5.0,5,Yes,3,3,Placed
6.91,63.0,3.0,2,No,2,2,Not Placed
8.35,83.0,3.0,3,No,1,1,Placed
7.86,75.0,1.0,3,No,1,2,Placed
6.81,56.0,1.0,3,Yes,1,2,Not Placed
8.4,74.0,2.0,4,Yes,1,2,Placed
7.81,64.0,1.0,4,No,1,1,Placed
8.31,87.0,3.0,3,Yes,1,4,Placed
8.13,75.0,3.0,3,Yes,2,2,Placed
6.67,82.0,3.0,2,No,2,3,Not Placed
6.94,64.0,2.0,3,No,0,1,Not Placed
8.25,68.0,2.0,1,Yes,1,1,Placed
8.11,59.0,4.0,3,Yes,1,1,Placed
7.48,51.0,5.0,4,Yes,1,2,Placed
7.62,55.0,1.0,4,Yes,0,2,Placed
8.78,82.0,4.0,3,No,1,1,Placed
6.91,70.0,3.0,2,No,2,0,Not Placed
8.05,58.0,3.0,2,No,1,0,Placed
7.3,77.0,3.0,3,No,3,0,Not Placed
7.28,63.0,1.0,3,No,4,2,Not Placed
8.6,80.0,1.0,3,Yes,0,1,Placed
8.33,92.0,3.0,3,No,0,0,Placed
8.31,85.0,3.0,4,No,3,1,Placed
8.81,77.0,5.0,4,No,3,1,Placed
7.52,61.0,3.0,3,Yes,0,2,Placed
8.18,53.0,2.0,3,No,0,0,Not Placed
7.19,60.0,4.0,2,No,0,1,Not Placed
7.82,70.0,2.0,2,No,4,0,Placed
7.37,59.0,3.0,4,Yes,0,2,Placed
7.6,69.0,4.0,4,Yes,1,3,Placed
8.1,75.0,5.0,4,No,2,3,Placed
6.68,61.0,4.0,1,No,0,0,Not Placed
9.59,80.0,4.0,5,Yes,1,3,Placed
6.49,63.0,4.0,2,Yes,0,1,Not Placed
6.29,64.0,5.0,2,No,2,2,Not Placed
8.66,68.0,2.0,3,Yes,0,2,Placed
8.29,90.0,1.0,2,No,1,1,Placed
8.12,73.0,2.0,4,Yes,1,4,Placed
8.13,75.0,2.0,3,No,0,1,Not Placed
7.49,77.0,4.0,2,No,0,1,Placed
6.6,65.0,3.0,2,No,1,1,Not Placed
7.58,80.0,3.0,2,No,0,0,Not Placed
6.82,67.0,1.0,1,No,2,0,Not Placed
8.48,71.0,4.0,3,No,2,0,Placed
7.35,72.0,3.0,3,No,1,2,Not Placed
6.67,51.0,4.0,1,No,1,1,Not Placed
7.18,68.0,3.0,1,Yes,1,1,Placed
7.91,72.0,3.0,3,No,2,0,Placed
6.94,63.0,2.0,3,Yes,1,1,Not Placed
6.68,62.0,1.0,2,No,0,2,Not Placed
7.74,53.0,4.0,3,Yes,0,1,Placed
7.74,66.0,5.0,3,No,1,2,Placed
6.99,66.0,3.0,2,No,1,1,Placed
7.03,67.0,,1,No,1,1,Not Placed
7.73,61.0,3.0,4,Yes,0,2,Placed
6.05,71.0,4.0,3,No,2,3,Not Placed
6.09,50.0,4.0,3,No,0,1,Not Placed
6.78,73.0,2.0,3,No,0,3,Not Placed
7.29,72.0,1.0,3,Yes,1,1,Placed
7.81,66.0,4.0,3,No,0,1,Placed
8.98,99.0,3.0,3,No,1,0,Placed
8.36,64.0,2.0,2,Yes,1,1,Placed
7.34,77.0,1.0,2,No,1,1,Not Placed
7.48,79.0,3.0,3,No,1,1,Placed
6.5,55.0,4.0,4,Yes,0,2,Placed
7.48,83.0,5.0,5,Yes,0,4,Placed
7.21,65.0,3.0,3,No,2,3,Not Placed
7.82,75.0,3.0,2,No,1,1,Placed
6.67,65.0,1.0,2,No,1,1,Not Placed
8.02,72.0,3.0,4,Yes,0,2,Placed
9.03,90.0,3.0,4,No,1,2,Placed
7.39,77.0,3.0,3,No,1,3,Placed
7.9,55.0,3.0,4,Yes,1,1,Placed
8.19,88.0,2.0,4,No,2,2,Placed
7.1,50.0,1.0,3,No,0,1,Not Placed
7.72,82.0,3.0,2,Yes,0,1,Placed
7.51,81.0,1.0,4,Yes,2,2,Placed
7.6,59.0,2.0,4,Yes,3,2,Placed
6.73,59.0,5.0,2,No,0,0,Not Placed
7.52,59.0,3.0,4,Yes,1,2,Placed
8.0,71.0,3.0,3,No,0,1,Not Placed
,78.0,4.0,5,Yes,0,1,Placed
8.46,85.0,5.0,1,No,1,0,Placed
9.65,100.0,3.0,4,No,0,3,Placed
6.73,77.0,4.0,2,No,2,1,Not Placed
8.37,71.0,3.0,4,Yes,1,3,Placed
7.68,69.0,3.0,2,No,0,1,Placed
9.69,70.0,3.0,3,Yes,0,2,Placed
6.69,55.0,4.0,2,No,2,1,Not Placed
6.66,72.0,4.0,4,No,0,2,Placed
6.9,81.0,3.0,2,No,1,0,Placed
5.38,40.0,2.0,1,No,1,1,Not Placed
6.97,59.0,3.0,3,No,1,1,Not Placed
6.74,63.0,2.0,3,No,1,3,Placed
7.65,74.0,3.0,5,Yes,0,3,Placed
7.84,64.0,4.0,2,No,0,0,Not Placed
9.38,89.0,4.0,4,Yes,0,1,Placed
8.45,72.0,4.0,3,No,1,2,Placed
6.92,65.0,4.0,2,No,1,0,Not Placed
6.6,68.0,3.0,3,No,0,0,Not Placed
7.99,73.0,4.0,3,Yes,0,3,Placed
6.18,55.0,3.0,3,No,1,1,Not Placed
9.33,83.0,2.0,4,Yes,1,4,Placed
8.68,78.0,1.0,3,Yes,3,2,Placed
7.03,62.0,2.0,2,No,1,1,Not Placed
5.79,53.0,3.0,4,No,1,2,Not Placed
8.85,,3.0,3,No,1,1,Placed
7.39,74.0,4.0,2,No,3,1,Not Placed
8.74,76.0,2.0,3,Yes,2,1,Placed
5.91,64.0,2.0,2,No,1,0,Not Placed
6.9,61.0,5.0,2,No,0,0,Not Placed
7.51,81.0,2.0,5,No,0,1,Placed
7.55,74.0,3.0,3,Yes,1,1,Placed
7.05,65.0,3.0,4,Yes,2,3,Placed
8.12,79.0,3.0,2,No,1,0,Placed
6.43,45.0,1.0,3,No,0,0,Not Placed
7.36,57.0,1.0,4,No,2,3,Placed
7.62,59.0,2.0,2,No,2,3,Placed
8.01,75.0,3.0,5,Yes,0,2,Placed
8.21,93.0,3.0,3,Yes,1,0,Placed
6.38,83.0,2.0,4,Yes,1,2,Placed
5.97,64.0,3.0,2,No,2,2,Not Placed
8.78,85.0,4.0,3,Yes,2,2,Placed
7.83,54.0,1.0,2,No,1,1,Placed
6.75,58.0,3.0,2,No,1,0,Not Placed
9.05,74.0,4.0,2,No,2,1,Placed
7.62,64.0,2.0,2,No,1,0,Not Placed
8.68,77.0,3.0,2,No,1,1,Placed
7.57,65.0,3.0,3,Yes,2,2,Placed
9.56,66.0,4.0,5,Yes,0,4,Placed
9.26,91.0,4.0,3,Yes,1,1,Placed
7.25,57.0,3.0,2,No,2,0,Not Placed
8.47,80.0,4.0,4,No,2,2,Placed
8.15,95.0,3.0,2,No,1,1,Placed
8.87,71.0,3.0,2,Yes,0,1,Placed
6.54,37.0,3.0,2,No,1,0,Not Placed
8.19,72.0,2.0,5,Yes,0,2,Placed
8.56,89.0,4.0,4,Yes,0,2,Placed
5.74,75.0,3.0,1,No,2,0,Not Placed
6.32,48.0,3.0,3,Yes,0,3,Not Placed
5.46,58.0,5.0,2,No,1,1,Not Placed
7.23,63.0,1.0,3,Yes,1,2,Placed
8.22,74.0,3.0,4,Yes,4,2,Placed
9.0,100.0,1.0,4,Yes,1,3,Placed
7.57,55.0,4.0,3,No,0,1,Placed
,85.0,4.0,2,No,0,2,Placed
6.12,63.0,3.0,2,No,1,0,Not Placed
5.8,67.0,4.0,3,No,1,2,Not Placed
7.44,70.0,3.0,3,No,1,1,Placed
7.88,76.0,4.0,4,Yes,1,2,Placed
7.47,65.0,,5,Yes,0,2,Placed
5.43,56.0,3.0,1,No,1,0,Not Placed
7.41,65.0,5.0,3,Yes,1,4,Placed
6.2,65.0,2.0,3,No,0,1,Not Placed
8.17,71.0,2.0,5,No,0,3,Placed
7.87,76.0,3.0,5,Yes,0,4,Placed
6.56,62.0,5.0,3,No,0,0,Not Placed
6.99,77.0,3.0,2,No,1,1,Not Placed
6.44,61.0,1.0,3,No,0,1,Not Placed
7.44,51.0,3.0,2,Yes,0,0,Not Placed
8.46,90.0,3.0,4,No,0,2,Placed
6.51,53.0,2.0,4,Yes,3,4,Placed
8.0,67.0,4.0,3,No,2,0,Placed
6.97,59.0,5.0,3,Yes,0,2,Placed
6.71,77.0,3.0,2,Yes,1,1,Not Placed
7.39,47.0,3.0,2,No,0,2,Not Placed
6.46,93.0,3.0,2,No,1,0,Not Placed
6.95,76.0,2.0,3,Yes,0,2,Placed
6.3,62.0,4.0,4,Yes,1,3,Placed
9.46,85.0,3.0,5,No,1,3,Placed
7.54,73.0,3.0,2,Yes,2,2,Placed
6.8,69.0,4.0,4,No,0,3,Placed
7.71,78.0,3.0,4,Yes,2,0,Placed
7.39,74.0,3.0,2,Yes,2,1,Placed
7.28,69.0,1.0,1,No,0,0,Not Placed
8.11,72.0,4.0,3,No,1,1,Placed
8.26,74.0,5.0,5,Yes,0,2,Placed
6.97,,3.0,3,Yes,0,1,Placed
6.92,76.0,5.0,3,No,0,1,Placed
7.22,73.0,2.0,2,No,1,3,Not Placed
5.2,22.0,3.0,2,Yes,1,0,Not Placed
5.98,64.0,3.0,1,No,3,2,Not Placed
8.87,82.0,3.0,3,No,0,1,Placed
9.14,82.0,3.0,4,Yes,3,3,Placed
7.25,64.0,3.0,2,Yes,0,2,Placed
8.08,85.0,2.0,4,No,2,2,Placed
7.81,81.0,3.0,3,No,1,1,Placed
10.0,82.0,2.0,4,Yes,0,2,Placed
8.62,83.0,4.0,3,Yes,2,1,Placed
7.37,59.0,2.0,3,Yes,1,3,Placed
6.54,48.0,1.0,2,No,1,2,Not Placed
5.89,50.0,3.0,1,No,1,0,Not Placed
7.7,80.0,3.0,5,Yes,1,1,Placed
6.74,73.0,4.0,2,No,1,1,Placed
6.08,63.0,3.0,3,Yes,2,0,Not Placed
6.85,72.0,3.0,5,No,0,3,Placed
6.42,66.0,4.0,2,No,1,0,Not Placed
9.19,77.0,3.0,3,No,2,2,Placed
8.38,81.0,1.0,4,Yes,0,0,Placed
7.49,77.0,3.0,5,Yes,0,2,Placed
8.98,89.0,5.0,5,Yes,2,3,Placed
7.58,82.0,3.0,3,Yes,1,1,Placed
6.64,70.0,2.0,3,No,1,4,Placed
9.02,85.0,2.0,3,Yes,0,3,Placed
8.04,85.0,2.0,5,Yes,1,2,Placed
6.46,61.0,3.0,5,Yes,0,0,Placed
7.31,59.0,3.0,2,No,1,2,Not Placed
6.62,61.0,1.0,2,No,2,2,Not Placed
6.12,51.0,5.0,2,No,0,2,Not Placed
8.43,70.0,4.0,3,Yes,1,0,Placed
9.41,83.0,3.0,5,No,4,4,Placed
6.1,50.0,4.0,2,Yes,1,0,Not Placed
8.06,71.0,1.0,2,No,2,1,Not Placed
6.85,45.0,3.0,2,No,1,2,Not Placed
7.01,68.0,3.0,5,Yes,2,2,Placed
6.91,65.0,4.0,3,No,0,3,Placed
6.64,54.0,4.0,2,Yes,0,0,Not Placed
7.55,,2.0,2,No,0,3,Placed
6.67,72.0,5.0,5,Yes,1,2,Placed
7.77,56.0,2.0,4,Yes,2,4,Placed
7.45,61.0,4.0,2,No,1,0,Not Placed
7.26,60.0,5.0,1,Yes,1,1,Not Placed
6.59,53.0,2.0,1,No,2,1,Not Placed
6.92,73.0,4.0,2,Yes,1,1,Placed
8.26,74.0,1.0,3,No,1,1,Placed
8.0,71.0,3.0,5,Yes,1,3,Placed
6.52,42.0,3.0,2,No,1,0,Not Placed
7.6,77.0,3.0,4,Yes,0,2,Placed
8.25,63.0,5.0,3,No,4,1,Placed
5.83,57.0,4.0,2,No,0,3,Not Placed
8.04,77.0,3.0,4,No,0,0,Placed
6.84,78.0,4.0,2,Yes,2,0,Placed
8.07,61.0,5.0,3,Yes,1,1,Placed
6.74,33.0,1.0,3,Yes,1,1,Not Placed
5.7,57.0,5.0,1,No,1,0,Not Placed
5.87,74.0,1.0,1,No,1,1,Not Placed
7.55,82.0,4.0,3,No,0,3,Placed
7.76,74.0,2.0,5,Yes,1,3,Placed
6.6,57.0,2.0,2,No,1,1,Not Placed
8.14,83.0,3.0,4,No,2,1,Placed
5.84,46.0,3.0,2,No,1,1,Not Placed
7.43,74.0,3.0,3,No,3,1,Placed
6.29,65.0,1.0,3,Yes,0,2,Not Placed
6.85,75.0,3.0,4,Yes,1,2,Placed
7.55,97.0,5.0,3,Yes,1,1,Placed
6.64,67.0,3.0,3,No,3,1,Placed
7.12,61.0,2.0,3,No,0,3,Not Placed
8.51,77.0,3.0,3,No,1,0,Placed
6.92,47.0,1.0,2,No,2,1,Not Placed
8.34,69.0,4.0,2,No,0,0,Not Placed
6.37,56.0,4.0,1,No,2,1,Not Placed
8.03,68.0,3.0,4,Yes,0,4,Placed
8.94,83.0,3.0,3,Yes,2,1,Placed
,42.0,4.0,1,No,3,1,Not Placed
6.7,74.0,3.0,3,No,1,3,Not Placed
8.08,74.0,4.0,3,No,1,2,Not Placed
7.3,68.0,3.0,3,No,0,1,Placed
7.87,69.0,4.0,2,Yes,3,1,Placed
6.9,66.0,3.0,5,Yes,1,3,Placed
7.59,78.0,3.0,4,Yes,0,1,Placed
7.34,60.0,5.0,4,Yes,1,3,Placed
8.67,72.0,3.0,3,Yes,1,1,Placed
7.75,68.0,3.0,4,No,0,1,Placed
7.84,,2.0,2,No,0,1,Not Placed
7.09,58.0,3.0,1,No,0,0,Not Placed
7.01,61.0,3.0,1,Yes,1,0,Not Placed
7.07,75.0,2.0,3,No,1,2,Placed
7.89,75.0,1.0,3,No,1,3,Placed
7.08,68.0,3.0,3,No,2,3,Placed
7.79,80.0,4.0,1,No,2,3,Placed
9.58,85.0,3.0,4,No,1,3,Placed
8.37,80.0,2.0,4,Yes,0,0,Placed
7.17,66.0,4.0,2,No,1,0,Not Placed
8.7,82.0,1.0,4,Yes,1,3,Placed
,60.0,3.0,2,No,1,0,Not Placed
5.46,29.0,2.0,3,Yes,1,2,Not Placed
6.49,60.0,2.0,3,No,1,2,Not Placed
5.63,69.0,2.0,1,No,3,0,Not Placed
7.15,76.0,3.0,2,No,0,2,Placed
7.52,79.0,1.0,4,Yes,1,2,Placed
9.18,95.0,3.0,5,Yes,0,2,Placed
7.83,73.0,3.0,3,Yes,3,4,Placed
7.28,70.0,3.0,2,Yes,0,1,Placed
8.33,70.0,3.0,4,Yes,0,1,Placed
5.29,49.0,4.0,2,No,1,1,Not Placed
7.74,78.0,2.0,3,No,1,3,Placed
8.27,88.0,3.0,3,Yes,0,2,Placed
6.02,56.0,1.0,2,No,1,1,Not Placed
8.64,74.0,1.0,4,Yes,1,3,Placed
7.84,72.0,3.0,3,No,0,1,Placed
7.08,72.0,3.0,5,Yes,1,3,Placed
8.13,60.0,4.0,3,No,2,3,Not Placed
9.77,65.0,3.0,4,Yes,1,1,Placed
7.68,65.0,5.0,3,Yes,2,0,Placed
,59.0,1.0,5,No,1,4,Placed
7.04,61.0,1.0,3,Yes,1,3,Placed
6.65,61.0,1.0,2,No,0,2,Not Placed
8.33,72.0,2.0,4,Yes,0,3,Placed
6.64,77.0,3.0,3,Yes,2,2,Placed
7.57,73.0,3.0,3,No,4,2,Placed
7.02,69.0,1.0,2,No,1,1,Not Placed
7.98,80.0,5.0,3,Yes,0,0,Placed
7.83,61.0,4.0,3,Yes,0,2,Placed
8.54,88.0,2.0,5,Yes,1,2,Placed
,65.0,1.0,2,No,1,1,Placed
7.23,74.0,2.0,5,No,0,2,Placed
6.52,,2.0,3,Yes,3,1,Not Placed
7.06,50.0,2.0,3,Yes,1,1,Not Placed
7.88,81.0,,3,No,3,1,Placed
8.26,79.0,2.0,2,No,2,0,Placed
6.58,53.0,3.0,2,No,2,0,Not Placed
8.37,68.0,5.0,2,No,1,3,Placed
8.86,92.0,4.0,4,Yes,1,1,Placed
7.91,61.0,5.0,3,No,1,1,Not Placed
9.38,100.0,2.0,5,No,1,2,Placed
6.73,54.0,3.0,2,No,1,1,Not Placed
6.26,66.0,3.0,2,No,4,0,Not Placed
5.72,52.0,1.0,2,No,2,1,Not Placed
9.0,88.0,1.0,5,Yes,2,3,Placed
8.15,69.0,4.0,4,Yes,2,2,Placed
7.44,67.0,3.0,2,No,0,0,Not Placed
7.78,72.0,3.0,3,No,0,3,Placed
6.37,50.0,3.0,1,No,1,2,Not Placed
9.95,97.0,3.0,5,Yes,1,3,Placed
7.63,65.0,1.0,4,Yes,2,1,Placed
7.61,68.0,3.0,3,Yes,1,1,Placed
8.23,65.0,2.0,3,No,1,2,Placed
7.98,48.0,1.0,2,Yes,1,0,Placed
7.72,69.0,5.0,5,No,0,2,Placed
6.71,87.0,3.0,2,No,1,1,Not Placed
7.97,81.0,4.0,4,Yes,2,2,Placed
9.38,84.0,3.0,3,Yes,0,2,Placed
8.85,78.0,3.0,4,Yes,1,3,Placed
9.09,82.0,2.0,5,Yes,1,2,Placed
6.99,71.0,1.0,3,Yes,0,3,Placed
6.51,50.0,2.0,3,No,0,0,Not Placed
7.37,,4.0,4,No,4,3,Placed
7.56,77.0,4.0,2,Yes,1,0,Placed
8.59,85.0,3.0,3,Yes,0,0,Placed
5.81,60.0,3.0,1,No,0,1,Not Placed
9.03,82.0,5.0,5,Yes,1,2,Placed
7.34,75.0,1.0,2,Yes,1,2,Placed
7.07,72.0,2.0,3,No,1,1,Not Placed
6.49,,3.0,3,Yes,0,1,Placed
5.85,51.0,4.0,1,No,2,1,Not Placed
8.32,77.0,5.0,3,Yes,1,1,Placed
7.57,86.0,2.0,3,Yes,1,1,Placed
6.21,47.0,4.0,2,No,1,1,Not Placed
6.2,44.0,4.0,2,Yes,1,1,Not Placed
7.16,68.0,2.0,1,Yes,2,2,Placed
9.17,83.0,3.0,5,Yes,3,4,Placed
7.24,69.0,3.0,5,Yes,1,2,Placed
6.0,60.0,5.0,2,No,2,1,Not Placed
7.25,65.0,2.0,2,No,2,0,Not Placed
7.23,82.0,4.0,1,Yes,3,1,Not Placed
5.0,33.0,3.0,2,No,0,1,Not Placed
7.45,61.0,4.0,3,Yes,1,4,Placed
7.27,67.0,3.0,2,No,0,1,Not Placed
8.2,,3.0,2,No,2,3,Placed
9.35,83.0,4.0,5,Yes,0,3,Placed
8.63,95.0,4.0,4,Yes,1,4,Placed
7.23,,4.0,1,No,1,2,Placed
6.39,63.0,1.0,3,No,1,1,Not Placed
10.0,77.0,4.0,4,Yes,1,2,Placed
7.56,64.0,2.0,3,No,2,1,Placed
7.51,66.0,3.0,4,Yes,1,0,Placed
7.48,66.0,3.0,3,Yes,2,2,Placed
7.7,84.0,3.0,3,No,0,2,Placed
7.36,74.0,3.0,4,Yes,1,2,Placed
6.93,54.0,5.0,2,No,1,3,Not Placed
6.95,68.0,2.0,3,No,0,3,Placed
7.47,74.0,4.0,2,No,1,0,Placed
6.96,77.0,3.0,4,Yes,1,2,Placed
6.79,80.0,2.0,4,No,1,2,Placed
7.61,60.0,2.0,2,No,2,0,Placed
7.25,,5.0,4,Yes,1,3,Placed
9.0,69.0,4.0,5,Yes,0,2,Placed
5.0,47.0,5.0,2,No,0,1,Not Placed
8.59,83.0,5.0,3,Yes,1,3,Placed
8.75,89.0,2.0,4,No,0,3,Placed
,52.0,3.0,3,No,0,0,Not Placed
7.16,64.0,4.0,2,No,1,1,Not Placed
7.13,68.0,3.0,5,Yes,1,2,Placed
6.09,50.0,3.0,1,No,1,0,Not Placed
6.72,84.0,3.0,2,Yes,2,0,Placed
6.39,45.0,,3,No,1,1,Not Placed
9.25,85.0,3.0,4,Yes,1,2,Placed
8.44,97.0,2.0,4,Yes,2,2,Placed
8.77,80.0,3.0,1,Yes,1,1,Placed
8.22,73.0,3.0,5,Yes,1,3,Placed
6.37,57.0,3.0,1,No,1,0,Not Placed
6.98,64.0,2.0,2,No,0,0,Not Placed
7.99,87.0,4.0,1,No,1,2,Placed
6.28,38.0,1.0,3,No,1,0,Not Placed
8.21,91.0,3.0,5,No,3,4,Placed
7.26,53.0,4.0,3,No,2,2,Placed
7.13,64.0,3.0,3,No,1,1,Placed
8.21,71.0,2.0,1,Yes,0,0,Placed
7.94,79.0,4.0,3,No,0,0,Placed
7.14,51.0,3.0,2,Yes,1,0,Placed
8.66,83.0,4.0,3,Yes,1,0,Placed
6.42,81.0,4.0,1,No,0,1,Not Placed
8.12,61.0,3.0,4,Yes,1,1,Placed
8.09,76.0,3.0,3,Yes,0,2,Placed
7.19,60.0,2.0,3,No,3,2,Placed
7.83,76.0,2.0,3,Yes,0,1,Placed
6.25,60.0,3.0,2,No,3,0,Not Placed
8.42,70.0,3.0,4,Yes,3,0,Placed
7.32,73.0,3.0,2,No,1,0,Placed
6.98,83.0,2.0,4,Yes,2,3,Placed
8.55,76.0,1.0,4,Yes,1,2,Placed
6.8,71.0,3.0,2,No,1,1,Placed
6.09,45.0,2.0,5,No,1,2,Not Placed
5.94,47.0,4.0,2,No,1,1,Not Placed
8.11,79.0,1.0,2,Yes,1,1,Placed
6.22,74.0,3.0,3,No,1,2,Not Placed
9.25,87.0,5.0,3,No,1,1,Placed
5.42,50.0,2.0,3,No,0,0,Not Placed
9.2,83.0,3.0,5,No,1,2,Placed
7.71,59.0,1.0,5,Yes,0,2,Placed
7.4,75.0,3.0,3,Yes,0,1,Placed
6.96,74.0,3.0,2,No,0,1,Not Placed
7.9,68.0,3.0,4,No,0,2,Placed
7.46,64.0,3.0,2,Yes,0,1,Placed
8.6,81.0,4.0,3,Yes,2,2,Placed
7.61,66.0,2.0,3,No,0,2,Not Placed
7.65,70.0,1.0,2,Yes,1,1,Placed
7.14,88.0,4.0,2,No,0,1,Placed
7.44,67.0,3.0,4,Yes,2,3,Placed
7.81,68.0,4.0,4,Yes,1,3,Placed
5.79,49.0,3.0,1,No,1,1,Not Placed
6.15,66.0,4.0,1,No,1,1,Not Placed
8.24,74.0,3.0,3,No,1,2,Placed
7.67,64.0,4.0,4,Yes,1,2,Placed
7.32,81.0,5.0,2,No,0,0,Placed
7.52,84.0,3.0,4,Yes,4,3,Placed
7.85,66.0,2.0,2,Yes,1,0,Placed
6.96,47.0,2.0,3,Yes,1,2,Placed
6.72,73.0,2.0,2,No,2,1,Not Placed
7.7,64.0,2.0,4,Yes,1,4,Placed
6.52,70.0,3.0,2,No,2,0,Not Placed
7.91,53.0,3.0,4,No,1,2,Placed
5.8,65.0,3.0,1,No,2,1,Not Placed
8.53,66.0,3.0,4,No,0,2,Placed
7.97,81.0,3.0,4,Yes,2,1,Placed
7.76,72.0,1.0,2,No,2,1,Not Placed
8.48,68.0,1.0,4,Yes,0,2,Placed
9.17,79.0,2.0,4,Yes,0,1,Placed
8.51,84.0,3.0,2,Yes,1,1,Placed
5.66,56.0,2.0,2,No,3,1,Not Placed
6.22,65.0,2.0,2,No,0,1,Not Placed
6.88,84.0,3.0,3,Yes,1,3,Placed
7.53,54.0,4.0,4,Yes,0,2,Placed
8.02,90.0,1.0,2,No,1,3,Not Placed
6.77,65.0,3.0,3,Yes,1,3,Not Placed
7.69,62.0,4.0,4,No,3,2,Placed
6.74,50.0,4.0,4,No,1,1,Placed
6.89,63.0,5.0,3,No,2,1,Not Placed
6.09,67.0,1.0,5,Yes,1,2,Placed
6.58,61.0,2.0,3,No,0,2,Not Placed
6.15,74.0,4.0,2,No,1,1,Not Placed
6.52,47.0,3.0,3,No,1,2,Not Placed
8.55,78.0,3.0,3,Yes,3,2,Placed
6.55,49.0,4.0,2,No,2,0,Not Placed
10.0,93.0,4.0,4,Yes,0,3,Placed
7.99,82.0,5.0,4,Yes,0,2,Placed
7.68,67.0,5.0,4,No,0,4,Placed
6.64,37.0,4.0,2,No,3,0,Not Placed
8.2,77.0,2.0,3,No,2,4,Placed
6.92,69.0,4.0,2,No,2,0,Not Placed
7.62,75.0,1.0,3,No,1,1,Placed
,100.0,2.0,3,Yes,1,0,Placed
7.4,58.0,4.0,3,No,1,2,Placed
8.65,86.0,2.0,3,No,0,3,Placed
6.8,76.0,2.0,2,Yes,1,1,Placed
7.47,51.0,2.0,2,No,0,2,Not Placed
9.27,87.0,4.0,3,Yes,0,2,Placed
6.87,59.0,3.0,4,Yes,2,3,Placed
9.31,83.0,,4,Yes,2,3,Placed
,79.0,2.0,2,Yes,1,0,Placed
6.94,60.0,4.0,2,No,1,0,Not Placed
8.13,68.0,4.0,3,Yes,1,3,Placed
8.47,78.0,3.0,1,Yes,2,2,Placed
8.12,64.0,3.0,3,No,2,4,Placed
5.93,46.0,2.0,2,No,2,2,Not Placed
6.77,70.0,5.0,3,No,2,0,Placed
7.25,56.0,3.0,2,No,0,2,Not Placed
7.43,76.0,5.0,2,No,1,1,Placed
8.12,79.0,3.0,5,Yes,1,4,Placed
7.68,54.0,4.0,3,Yes,1,1,Placed
6.16,52.0,4.0,2,No,2,1,Not Placed
7.88,84.0,4.0,3,No,1,2,Placed
8.11,65.0,5.0,3,No,0,1,Placed
8.06,69.0,3.0,4,Yes,1,1,Placed
8.58,83.0,2.0,3,No,3,3,Placed
8.33,84.0,4.0,4,Yes,0,3,Placed
7.96,71.0,4.0,1,Yes,1,0,Placed
7.43,63.0,3.0,2,Yes,1,1,Placed
5.84,70.0,2.0,2,No,0,1,Not Placed
7.93,90.0,3.0,3,No,1,1,Placed
7.71,81.0,3.0,3,No,2,1,Placed
7.77,73.0,3.0,3,Yes,1,3,Placed
6.22,51.0,3.0,3,No,2,2,Not Placed
6.42,53.0,4.0,1,No,0,1,Not Placed
8.55,83.0,2.0,4,Yes,0,3,Placed
7.46,73.0,3.0,2,No,3,0,Not Placed
8.18,89.0,2.0,4,Yes,1,2,Placed
7.53,76.0,2.0,3,No,1,1,Placed
7.53,55.0,4.0,4,Yes,2,2,Placed
8.44,88.0,5.0,3,No,1,2,Placed
6.98,55.0,3.0,4,No,2,4,Placed
7.6,66.0,4.0,2,Yes,0,1,Placed
7.04,68.0,4.0,2,No,0,0,Placed
7.07,,4.0,2,Yes,0,1,Placed
7.19,98.0,2.0,1,No,2,2,Not Placed
7.72,77.0,5.0,2,Yes,0,1,Placed
7.02,64.0,3.0,4,Yes,2,3,Placed
8.76,85.0,3.0,5,Yes,3,2,Placed
6.61,71.0,1.0,2,No,1,1,Not Placed
7.31,65.0,3.0,4,No,1,1,Placed
7.06,84.0,2.0,3,No,1,1,Placed
8.95,83.0,2.0,3,Yes,1,1,Placed
7.7,76.0,3.0,4,Yes,1,2,Placed
8.53,84.0,4.0,4,Yes,1,4,Placed
6.01,62.0,4.0,5,No,4,3,Placed
7.77,80.0,3.0,3,No,3,0,Placed
8.39,70.0,4.0,4,Yes,2,1,Placed
7.58,65.0,4.0,2,No,2,0,Not Placed
8.57,67.0,4.0,2,Yes,1,0,Placed
6.98,70.0,2.0,1,No,1,1,Not Placed
8.91,89.0,4.0,5,No,2,4,Placed
9.8,92.0,5.0,5,Yes,1,4,Placed
7.14,83.0,4.0,3,No,3,2,Placed
7.05,66.0,3.0,3,No,1,3,Not Placed
8.95,88.0,3.0,3,Yes,1,2,Placed
9.08,71.0,3.0,3,No,2,1,Placed
6.98,61.0,3.0,2,No,3,1,Placed
7.08,73.0,2.0,2,No,0,1,Not Placed
7.22,76.0,3.0,3,No,2,2,Placed
6.16,56.0,4.0,3,Yes,1,1,Placed
6.58,61.0,4.0,1,No,0,0,Not Placed
6.5,46.0,2.0,1,No,2,0,Not Placed
6.73,60.0,5.0,2,Yes,1,3,Placed
7.47,78.0,3.0,2,Yes,1,1,Placed
7.73,77.0,4.0,5,Yes,1,3,Placed
9.05,87.0,4.0,4,Yes,1,3,Placed
6.5,62.0,4.0,3,Yes,1,1,Placed
8.48,77.0,5.0,3,No,1,2,Placed
7.29,61.0,3.0,2,Yes,0,2,Placed
7.45,76.0,4.0,2,No,3,1,Placed
8.17,79.0,2.0,4,Yes,1,4,Placed
6.38,65.0,4.0,3,Yes,2,1,Not Placed
7.88,67.0,4.0,2,No,1,0,Placed
7.67,49.0,4.0,3,No,1,3,Not Placed
7.99,84.0,2.0,3,Yes,1,3,Placed
7.79,67.0,4.0,4,Yes,1,4,Placed
9.96,81.0,2.0,5,Yes,1,3,Placed
6.86,71.0,1.0,3,Yes,1,3,Placed
6.97,61.0,4.0,3,Yes,1,3,Placed
6.88,75.0,3.0,1,Yes,0,2,Placed
6.94,71.0,4.0,1,No,1,1,Not Placed
6.86,71.0,3.0,2,No,0,0,Not Placed
8.69,65.0,2.0,1,No,0,2,Placed
8.92,93.0,4.0,4,No,3,2,Placed
6.93,68.0,3.0,3,No,1,2,Placed
6.67,59.0,2.0,2,No,1,1,Not Placed
7.97,75.0,4.0,4,Yes,1,2,Placed
6.95,47.0,3.0,2,Yes,3,1,Placed
8.13,79.0,3.0,3,No,1,0,Placed
7.7,61.0,3.0,3,No,2,3,Not Placed
5.98,44.0,4.0,1,No,1,1,Not Placed
9.05,67.0,4.0,3,Yes,3,2,Placed
9.3,95.0,4.0,4,Yes,2,1,Placed
6.89,58.0,2.0,2,No,2,0,Not Placed
7.11,82.0,4.0,5,No,0,2,Placed
7.79,66.0,4.0,2,No,0,1,Not Placed
7.83,55.0,4.0,2,Yes,0,0,Placed
8.16,64.0,3.0,2,No,0,2,Placed
9.51,98.0,4.0,4,Yes,2,2,Placed
7.32,67.0,4.0,1,No,0,0,Not Placed
6.7,58.0,2.0,3,No,0,1,Not Placed
6.12,60.0,3.0,3,No,0,0,Not Placed
6.77,69.0,4.0,3,No,0,2,Placed
7.47,80.0,1.0,3,No,0,3,Placed
9.29,98.0,5.0,3,No,2,2,Placed
6.98,62.0,4.0,2,Yes,1,0,Placed
7.72,58.0,3.0,3,Yes,0,1,Placed
7.48,65.0,2.0,3,No,1,1,Placed
8.69,82.0,2.0,3,Yes,1,4,Placed
10.0,80.0,5.0,3,Yes,0,1,Placed
6.97,56.0,2.0,5,Yes,1,3,Placed
7.01,69.0,4.0,1,Yes,2,1,Placed
8.54,77.0,3.0,4,No,2,2,Placed
8.18,75.0,2.0,4,No,2,2,Placed
9.35,77.0,1.0,3,Yes,0,0,Placed
8.08,72.0,3.0,2,Yes,3,1,Placed
7.14,57.0,5.0,2,No,2,0,Not Placed
8.09,83.0,3.0,4,Yes,3,3,Placed
8.61,89.0,3.0,4,No,0,1,Placed
8.32,58.0,3.0,4,Yes,3,4,Placed
8.01,64.0,3.0,5,Yes,2,1,Placed
8.57,63.0,3.0,4,No,2,3,Placed
8.67,72.0,4.0,2,No,0,2,Placed
8.88,80.0,3.0,3,Yes,2,4,Placed
8.15,60.0,3.0,4,No,3,2,Placed
7.33,59.0,2.0,2,Yes,1,1,Not Placed
7.65,61.0,5.0,2,Yes,1,0,Not Placed
8.71,81.0,2.0,4,No,3,1,Placed
6.68,64.0,1.0,2,No,1,1,Not Placed
7.87,65.0,4.0,5,Yes,1,1,Placed
7.11,68.0,3.0,3,No,1,4,Placed
7.53,64.0,3.0,2,Yes,3,0,Placed
8.78,77.0,3.0,5,Yes,0,2,Placed
7.69,88.0,4.0,3,No,1,2,Placed
7.55,83.0,2.0,3,No,1,2,Placed
6.14,46.0,4.0,2,No,2,1,Placed
8.25,84.0,3.0,2,No,1,0,Placed
8.15,83.0,3.0,3,Yes,3,2,Placed
9.66,75.0,3.0,3,Yes,3,1,Placed
7.19,75.0,2.0,2,Yes,0,2,Not Placed
7.72,87.0,4.0,3,No,1,2,Placed
7.75,60.0,3.0,4,Yes,0,4,Placed
9.08,73.0,3.0,5,No,1,0,Placed
7.4,79.0,3.0,2,Yes,1,0,Placed
7.78,74.0,5.0,3,No,3,1,Placed
8.11,80.0,3.0,3,No,2,0,Placed
7.69,74.0,5.0,2,No,0,0,Placed
7.05,70.0,3.0,3,No,0,2,Placed
7.69,58.0,1.0,4,No,1,2,Placed
8.57,89.0,2.0,2,Yes,1,1,Placed
6.47,73.0,3.0,2,No,0,2,Not Placed
7.63,68.0,2.0,2,No,2,1,Not Placed
6.8,63.0,1.0,3,Yes,3,1,Placed
8.7,64.0,5.0,2,Yes,1,0,Placed
5.98,62.0,4.0,4,Yes,2,2,Placed
6.94,71.0,4.0,3,No,1,1,Not Placed
7.88,72.0,2.0,3,No,2,2,Placed
9.07,93.0,2.0,4,Yes,1,2,Placed
7.43,66.0,1.0,4,Yes,0,3,Placed
6.94,71.0,4.0,3,Yes,3,2,Placed
9.38,74.0,5.0,3,No,1,2,Placed
6.05,58.0,3.0,2,Yes,2,0,Not Placed
5.3,50.0,2.0,3,No,1,1,Not Placed
7.94,75.0,3.0,4,No,0,3,Placed
7.0,62.0,3.0,3,Yes,0,1,Not Placed
6.48,60.0,3.0,4,No,1,2,Placed
8.21,83.0,3.0,4,Yes,1,1,Placed
7.74,67.0,4.0,5,Yes,1,1,Placed
6.94,49.0,2.0,1,No,1,1,Not Placed
6.22,77.0,1.0,3,No,1,1,Not Placed
8.37,90.0,5.0,4,Yes,2,2,Placed
8.15,62.0,2.0,4,Yes,1,2,Placed
7.4,76.0,1.0,3,No,3,2,Not Placed
9.35,79.0,2.0,3,Yes,1,3,Placed
6.43,64.0,1.0,3,No,1,3,Placed
5.97,60.0,3.0,2,No,0,1,Not Placed
6.81,62.0,4.0,1,No,1,0,Not Placed
7.45,61.0,3.0,2,Yes,0,1,Placed
7.74,65.0,3.0,2,No,1,1,Not Placed
7.26,58.0,4.0,2,Yes,0,1,Not Placed
7.85,64.0,3.0,1,No,1,1,Placed
6.25,59.0,4.0,2,No,2,0,Not Placed
8.94,74.0,4.0,3,No,1,2,Placed
7.42,76.0,1.0,3,Yes,0,1,Not Placed
8.62,93.0,4.0,4,No,0,3,Placed
7.84,66.0,,4,No,2,2,Placed
7.96,76.0,5.0,3,Yes,0,2,Placed
8.07,79.0,,2,No,1,0,Placed
7.95,78.0,5.0,4,Yes,1,2,Placed
8.14,75.0,4.0,2,No,1,1,Placed
8.83,88.0,2.0,5,No,1,2,Placed
7.7,76.0,3.0,4,No,2,3,Placed
8.21,63.0,5.0,3,No,0,2,Placed
7.41,77.0,4.0,5,Yes,0,2,Placed
8.94,,1.0,2,Yes,0,0,Placed
6.82,,4.0,2,No,0,1,Not Placed
9.3,84.0,3.0,4,No,0,2,Placed
7.46,76.0,1.0,2,No,1,1,Not Placed
6.07,56.0,3.0,4,No,1,3,Not Placed
7.63,81.0,2.0,2,Yes,1,1,Placed
6.82,88.0,4.0,3,Yes,1,1,Placed
8.34,68.0,,3,Yes,2,1,Placed
6.85,50.0,4.0,3,Yes,1,0,Placed
7.05,69.0,1.0,2,Yes,0,0,Not Placed
5.61,62.0,3.0,1,No,1,1,Not Placed
7.05,64.0,2.0,3,No,0,2,Placed
5.08,65.0,2.0,1,No,0,0,Not Placed
5.92,43.0,1.0,3,No,1,4,Not Placed
8.26,83.0,2.0,3,Yes,3,2,Placed
8.29,70.0,3.0,4,No,2,4,Placed
7.93,90.0,2.0,4,Yes,0,3,Placed
6.53,82.0,3.0,2,No,2,1,Not Placed
7.45,61.0,3.0,3,No,2,0,Placed
7.5,64.0,4.0,4,Yes,1,2,Placed
6.34,69.0,5.0,2,No,2,0,Placed
9.0,78.0,3.0,5,Yes,1,3,Placed
8.38,76.0,3.0,3,No,0,1,Placed
7.28,68.0,2.0,2,No,1,1,Placed
7.53,51.0,5.0,3,Yes,1,1,Placed
7.71,71.0,1.0,5,Yes,1,3,Placed
5.46,46.0,2.0,1,No,1,0,Not Placed
7.25,63.0,2.0,4,No,3,1,Not Placed
6.82,78.0,3.0,4,Yes,3,2,Placed
6.5,49.0,2.0,2,No,2,1,Not Placed
7.22,75.0,4.0,1,Yes,2,0,Placed
9.3,81.0,2.0,5,Yes,3,3,Placed
8.14,72.0,3.0,3,Yes,0,0,Placed
6.93,,2.0,3,Yes,0,1,Not Placed
8.07,77.0,1.0,3,Yes,1,3,Placed
8.9,86.0,5.0,3,No,2,0,Placed
8.42,87.0,2.0,4,Yes,1,4,Placed
7.56,67.0,4.0,3,Yes,2,4,Placed
6.85,58.0,3.0,2,No,0,0,Not Placed
8.2,64.0,1.0,3,No,0,1,Placed
7.89,64.0,5.0,3,No,2,1,Placed
8.4,100.0,2.0,3,Yes,0,2,Placed
8.14,87.0,4.0,4,Yes,1,2,Placed
8.55,64.0,2.0,3,Yes,0,2,Placed
6.96,52.0,4.0,3,Yes,1,2,Placed
8.82,85.0,1.0,4,Yes,2,1,Placed
,77.0,3.0,3,No,1,3,Not Placed
,92.0,4.0,3,Yes,1,2,Placed
6.81,61.0,5.0,4,Yes,0,2,Placed
9.24,82.0,5.0,5,Yes,2,3,Placed
7.7,74.0,4.0,3,No,1,2,Placed
6.85,65.0,4.0,3,No,1,1,Not Placed
7.02,43.0,2.0,1,No,2,1,Not Placed
7.18,65.0,2.0,3,No,0,1,Not Placed
7.92,64.0,2.0,3,No,2,0,Not Placed
8.02,75.0,3.0,3,No,1,4,Placed
6.93,95.0,3.0,2,No,1,0,Placed
7.48,73.0,3.0,1,No,0,1,Placed
9.64,83.0,2.0,3,No,3,2,Placed
9.23,93.0,4.0,5,No,2,0,Placed
7.94,78.0,2.0,3,Yes,0,3,Placed
7.54,74.0,3.0,3,No,1,3,Placed
7.62,77.0,3.0,2,Yes,2,1,Placed
8.11,95.0,4.0,1,Yes,1,0,Placed
6.48,50.0,4.0,3,No,2,0,Not Placed
7.24,72.0,,3,Yes,1,1,Placed
5.83,47.0,2.0,2,No,2,0,Not Placed
7.9,78.0,3.0,3,Yes,1,2,Placed
8.15,66.0,1.0,4,Yes,0,4,Placed
7.02,61.0,3.0,2,No,1,1,Not Placed
9.07,79.0,3.0,3,No,3,3,Placed
6.27,69.0,1.0,2,No,1,1,Not Placed
6.04,67.0,2.0,2,No,1,1,Not Placed
7.72,59.0,5.0,3,No,1,3,Placed
8.55,78.0,5.0,4,Yes,1,2,Placed
9.18,76.0,3.0,4,Yes,2,3,Placed
7.04,53.0,1.0,3,No,2,1,Not Placed
8.58,76.0,2.0,3,No,0,0,Placed
7.46,66.0,3.0,1,No,4,2,Placed
7.33,92.0,5.0,2,No,2,1,Placed
8.38,81.0,2.0,5,Yes,2,3,Placed
8.15,61.0,4.0,3,Yes,1,3,Placed
5.92,51.0,2.0,2,Yes,2,0,Not Placed
8.98,92.0,5.0,1,Yes,0,1,Placed
8.88,100.0,3.0,3,No,1,1,Placed
6.87,49.0,4.0,1,No,2,1,Not Placed
7.9,54.0,3.0,3,Yes,0,2,Not Placed
7.99,92.0,3.0,5,Yes,0,2,Placed
7.76,75.0,2.0,5,Yes,2,2,Placed
6.95,56.0,2.0,3,No,2,2,Not Placed
6.83,69.0,5.0,2,No,0,0,Not Placed
7.47,43.0,5.0,4,Yes,2,3,Placed
8.67,79.0,4.0,4,Yes,1,3,Placed
8.04,77.0,3.0,2,Yes,1,2,Placed
7.13,76.0,4.0,2,Yes,2,0,Not Placed
8.27,66.0,1.0,3,Yes,1,0,Placed
5.0,50.0,3.0,2,No,0,1,Not Placed
8.65,69.0,3.0,3,Yes,0,0,Placed
5.76,58.0,3.0,2,No,1,3,Not Placed
7.14,58.0,3.0,2,Yes,1,0,Placed
6.38,56.0,2.0,2,No,2,1,Not Placed
6.21,49.0,3.0,3,No,2,2,Placed
8.66,85.0,4.0,4,Yes,1,2,Placed
7.03,74.0,3.0,3,No,2,0,Not Placed
7.85,70.0,2.0,3,Yes,0,2,Placed
7.45,69.0,2.0,4,No,0,2,Placed
7.98,59.0,2.0,5,No,2,2,Placed
7.58,67.0,2.0,3,No,0,3,Not Placed
6.22,59.0,3.0,1,No,0,0,Not Placed
8.5,100.0,3.0,4,No,1,2,Placed
,54.0,4.0,3,No,1,2,Placed
5.94,72.0,3.0,4,Yes,2,1,Placed
7.07,76.0,4.0,4,Yes,0,4,Placed
9.0,84.0,2.0,4,Yes,0,2,Placed
8.35,94.0,3.0,3,No,1,0,Placed
7.15,70.0,4.0,1,No,1,0,Not Placed
,71.0,2.0,2,No,1,1,Not Placed
7.18,66.0,2.0,2,Yes,1,1,Placed
9.58,98.0,4.0,4,No,2,3,Placed
7.88,84.0,3.0,3,Yes,3,0,Placed
7.93,67.0,4.0,4,Yes,0,2,Placed
8.53,65.0,1.0,3,Yes,1,3,Placed
7.74,69.0,4.0,3,No,1,0,Placed
7.24,59.0,3.0,1,Yes,3,2,Not Placed
7.3,67.0,1.0,2,No,4,0,Not Placed
7.43,81.0,3.0,3,No,0,3,Placed
7.46,65.0,2.0,3,No,2,1,Placed
8.23,75.0,,5,Yes,1,3,Placed
7.55,70.0,1.0,3,No,0,1,Placed
8.23,84.0,2.0,3,No,0,0,Placed
7.42,46.0,2.0,2,No,1,0,Not Placed
7.58,64.0,1.0,3,Yes,1,0,Placed
5.5,56.0,5.0,3,No,0,1,Placed
8.42,89.0,1.0,4,Yes,1,2,Placed
7.85,67.0,3.0,4,Yes,0,2,Placed
8.5,59.0,2.0,3,Yes,1,2,Placed
5.0,56.0,3.0,3,No,1,2,Not Placed
9.59,80.0,5.0,2,Yes,0,1,Placed
7.36,56.0,2.0,4,No,1,2,Placed
8.61,72.0,5.0,3,Yes,0,1,Placed
6.46,59.0,,2,No,1,1,Not Placed
8.11,68.0,4.0,3,No,0,3,Not Placed
6.45,39.0,3.0,4,Yes,1,2,Not Placed
6.88,74.0,4.0,1,No,0,0,Not Placed
9.41,98.0,3.0,4,Yes,1,3,Placed
7.31,74.0,3.0,4,Yes,2,2,Placed
7.72,60.0,2.0,3,Yes,0,3,Placed
8.37,74.0,2.0,2,Yes,1,2,Placed
8.0,73.0,5.0,3,Yes,0,0,Placed
7.65,77.0,3.0,3,No,1,0,Placed
7.86,79.0,3.0,5,Yes,0,2,Placed
9.9,81.0,4.0,5,Yes,1,3,Placed
7.44,70.0,3.0,3,No,1,1,Placed
7.7,76.0,5.0,5,Yes,3,3,Placed
8.55,92.0,4.0,3,No,1,2,Placed
8.61,85.0,,2,Yes,1,0,Placed
8.69,87.0,4.0,3,Yes,1,0,Placed
8.14,75.0,1.0,3,No,3,2,Not Placed
6.36,74.0,,2,No,2,0,Not Placed
9.13,87.0,3.0,5,No,0,3,Placed
6.35,52.0,2.0,3,No,2,1,Not Placed
7.8,86.0,4.0,3,No,1,2,Placed
6.75,70.0,5.0,3,Yes,2,3,Placed
7.44,65.0,3.0,3,No,2,3,Placed
7.83,67.0,3.0,5,No,0,2,Placed
7.82,75.0,5.0,4,Yes,2,2,Placed
7.92,77.0,3.0,3,Yes,0,2,Placed
9.11,84.0,3.0,5,Yes,0,2,Placed
7.95,76.0,3.0,3,Yes,0,1,Placed
7.26,85.0,5.0,3,No,2,3,Placed
8.46,88.0,3.0,2,No,0,0,Placed
8.69,81.0,4.0,2,Yes,0,0,Placed
6.27,69.0,4.0,3,No,2,0,Not Placed
8.1,64.0,3.0,3,No,0,2,Placed
8.2,79.0,3.0,1,No,0,1,Placed
7.2,85.0,4.0,3,No,0,1,Placed
8.88,78.0,3.0,1,Yes,1,0,Placed
7.35,60.0,4.0,3,No,1,1,Not Placed
7.63,64.0,5.0,3,Yes,0,2,Placed
7.33,57.0,3.0,5,Yes,3,1,Placed
7.52,62.0,4.0,3,No,2,3,Placed
6.4,57.0,4.0,1,No,1,0,Not Placed
6.06,44.0,4.0,3,Yes,1,4,Placed
9.09,82.0,3.0,5,No,1,1,Placed
6.65,72.0,1.0,5,Yes,1,3,Placed
6.51,53.0,3.0,2,No,0,0,Not Placed
5.35,67.0,4.0,1,Yes,0,0,Not Placed
6.86,69.0,3.0,4,No,2,3,Placed
6.18,69.0,4.0,2,No,0,2,Not Placed
9.14,76.0,3.0,4,No,1,2,Placed
8.51,86.0,3.0,3,No,2,2,Placed
6.81,53.0,,1,No,1,1,Not Placed
9.75,96.0,4.0,4,Yes,1,3,Placed
8.48,79.0,3.0,3,No,1,1,Placed
7.18,72.0,2.0,3,Yes,0,2,Not Placed
5.0,38.0,2.0,3,Yes,2,1,Not Placed
9.79,,4.0,3,Yes,1,1,Placed
6.11,64.0,3.0,3,No,2,3,Not Placed
5.85,47.0,2.0,1,Yes,3,0,Not Placed
8.52,82.0,5.0,3,Yes,3,0,Placed
9.94,75.0,4.0,2,Yes,3,1,Placed
8.88,89.0,5.0,5,Yes,1,3,Placed
8.06,62.0,3.0,4,No,1,1,Placed
8.09,80.0,3.0,4,No,1,2,Placed
8.35,83.0,4.0,4,Yes,1,4,Placed
8.26,69.0,3.0,4,Yes,2,2,Placed
7.78,78.0,4.0,5,No,0,3,Placed
7.6,73.0,2.0,4,Yes,3,3,Placed
7.44,64.0,3.0,4,Yes,2,2,Placed
,53.0,2.0,3,No,3,3,Not Placed
7.22,48.0,2.0,2,No,2,1,Not Placed
5.81,59.0,1.0,2,No,0,1,Not Placed
7.4,53.0,1.0,2,No,0,1,Not Placed
6.51,63.0,5.0,3,Yes,0,2,Placed
6.4,58.0,2.0,2,No,0,1,Not Placed
7.68,78.0,4.0,4,No,1,3,Placed
8.89,78.0,4.0,1,Yes,2,0,Placed
8.42,74.0,3.0,2,No,2,0,Placed
5.93,64.0,2.0,2,No,1,0,Not Placed
6.51,65.0,4.0,5,No,0,0,Not Placed
8.44,80.0,3.0,3,No,0,0,Placed
6.52,66.0,4.0,2,No,0,2,Not Placed
7.28,52.0,4.0,3,No,1,2,Placed
8.05,81.0,5.0,4,No,1,3,Placed
6.53,68.0,3.0,2,No,0,1,Not Placed
7.61,60.0,3.0,3,Yes,1,3,Placed
6.17,56.0,3.0,2,No,0,1,Not Placed
6.9,64.0,1.0,5,Yes,1,3,Placed
7.82,71.0,4.0,2,Yes,1,0,Placed
5.91,60.0,2.0,1,No,1,2,Not Placed
7.94,87.0,3.0,1,No,1,1,Not Placed
7.48,80.0,4.0,2,No,3,0,Placed
8.05,61.0,3.0,4,Yes,0,2,Placed
7.72,77.0,3.0,3,No,1,2,Placed
8.86,94.0,3.0,2,No,2,0,Not Placed
7.63,74.0,4.0,3,Yes,1,2,Placed
7.07,77.0,3.0,1,No,3,0,Not Placed
7.62,91.0,4.0,2,No,1,0,Placed
8.04,84.0,1.0,4,Yes,1,4,Placed
7.55,72.0,4.0,4,No,0,3,Placed
7.54,80.0,4.0,5,Yes,1,3,Placed
6.8,65.0,2.0,4,No,0,3,Not Placed
6.84,64.0,3.0,3,Yes,0,1,Placed
6.1,,2.0,1,No,1,1,Not Placed
9.25,99.0,4.0,5,Yes,1,3,Placed
6.26,51.0,3.0,3,No,0,4,Placed
6.81,79.0,3.0,3,Yes,1,1,Placed
6.78,69.0,2.0,3,No,1,3,Not Placed
8.39,63.0,2.0,3,No,0,3,Placed
7.21,71.0,1.0,3,No,1,2,Not Placed
8.75,58.0,3.0,4,Yes,2,4,Placed
6.83,70.0,3.0,5,Yes,1,2,Placed
7.78,81.0,4.0,2,No,1,3,Placed
6.66,57.0,4.0,2,No,1,1,Not Placed
9.65,88.0,3.0,3,No,1,0,Placed
6.31,80.0,5.0,3,No,3,3,Not Placed
7.81,67.0,4.0,2,No,1,1,Placed
8.13,64.0,5.0,2,Yes,0,1,Placed
7.91,88.0,3.0,5,Yes,1,2,Placed
7.31,88.0,2.0,1,No,2,0,Not Placed
7.37,68.0,1.0,3,Yes,0,1,Not Placed
7.54,80.0,4.0,3,No,4,3,Placed
7.35,82.0,2.0,3,No,3,0,Placed
8.46,70.0,3.0,3,No,0,1,Placed
9.71,82.0,3.0,5,Yes,3,0,Placed
6.94,77.0,3.0,4,Yes,1,2,Placed
6.13,75.0,3.0,1,No,2,1,Not Placed
7.41,74.0,2.0,1,No,1,1,Not Placed
10.0,81.0,3.0,3,Yes,1,3,Placed
6.7,83.0,3.0,3,Yes,1,2,Placed
9.14,77.0,5.0,5,No,2,2,Placed
9.18,80.0,4.0,4,Yes,0,4,Placed
6.95,69.0,5.0,3,No,1,2,Placed
8.07,90.0,4.0,2,No,0,1,Placed
9.13,91.0,3.0,5,Yes,1,3,Placed
7.12,71.0,2.0,5,Yes,1,4,Placed
7.3,73.0,4.0,2,No,1,1,Not Placed
6.92,65.0,3.0,2,No,1,0,Placed
6.49,67.0,3.0,1,No,0,1,Not Placed
6.85,39.0,3.0,3,No,0,0,Not Placed
6.28,57.0,3.0,3,Yes,0,1,Placed
7.53,72.0,3.0,2,No,1,1,Not Placed
6.73,52.0,3.0,2,No,3,0,Not Placed
7.73,75.0,2.0,3,Yes,0,0,Placed
5.94,55.0,4.0,2,No,3,0,Not Placed
7.83,90.0,2.0,3,No,2,2,Placed
8.33,92.0,1.0,1,No,1,2,Placed
5.51,49.0,3.0,2,No,1,3,Not Placed
7.87,71.0,4.0,4,Yes,2,2,Placed
8.73,79.0,3.0,3,Yes,0,2,Placed
6.29,,2.0,1,No,1,2,Not Placed
9.17,85.0,3.0,5,Yes,1,1,Placed
7.92,65.0,3.0,5,Yes,1,3,Placed
6.79,53.0,5.0,2,No,2,1,Not Placed
7.44,75.0,5.0,2,Yes,0,0,Placed
8.06,80.0,3.0,2,No,1,2,Placed
7.58,62.0,3.0,3,Yes,1,3,Placed
8.04,83.0,4.0,2,No,1,0,Placed
6.58,56.0,1.0,2,Yes,1,0,Not Placed
7.67,73.0,3.0,4,Yes,1,0,Placed
6.09,66.0,3.0,3,Yes,2,1,Placed
,68.0,5.0,2,No,1,1,Placed
6.6,67.0,1.0,2,No,2,1,Not Placed
6.76,58.0,3.0,3,No,1,1,Not Placed
8.74,77.0,4.0,1,Yes,0,2,Placed
8.59,76.0,3.0,2,No,0,0,Placed
8.11,67.0,1.0,4,No,0,0,Placed
6.41,59.0,5.0,1,No,1,0,Not Placed
7.18,51.0,3.0,3,Yes,1,2,Placed
8.71,74.0,3.0,5,Yes,2,2,Placed
7.64,68.0,,3,No,2,1,Placed
9.82,85.0,3.0,4,Yes,0,1,Placed
7.89,70.0,3.0,3,No,0,3,Placed
7.69,70.0,1.0,4,Yes,0,4,Placed
7.19,,2.0,4,Yes,1,2,Placed
7.63,79.0,4.0,4,Yes,0,2,Placed
7.35,62.0,2.0,1,Yes,0,1,Not Placed
8.21,63.0,2.0,4,No,3,3,Placed
8.46,67.0,3.0,3,No,2,1,Placed
6.71,,4.0,2,No,0,2,Not Placed
6.17,,1.0,1,No,1,1,Not Placed
5.66,47.0,3.0,1,Yes,1,1,Not Placed
8.01,61.0,2.0,4,No,2,3,Placed
6.4,56.0,1.0,2,No,1,3,Not Placed
5.35,54.0,1.0,1,No,0,1,Not Placed
7.89,79.0,4.0,3,No,2,0,Placed
9.99,84.0,2.0,5,No,1,2,Placed
7.49,65.0,1.0,3,No,0,1,Placed
8.34,67.0,3.0,3,No,1,1,Placed
7.58,70.0,4.0,2,Yes,1,1,Not Placed
7.4,60.0,2.0,2,Yes,1,2,Placed
8.42,83.0,3.0,5,Yes,0,3,Placed
7.21,49.0,1.0,3,No,1,4,Placed
7.77,68.0,3.0,3,No,0,1,Not Placed
7.82,75.0,3.0,3,No,2,3,Placed
6.83,66.0,3.0,2,No,0,1,Not Placed
8.49,100.0,3.0,4,Yes,0,2,Placed
7.33,72.0,3.0,3,No,1,2,Placed
6.74,53.0,2.0,2,No,2,0,Not Placed
8.04,73.0,3.0,2,Yes,2,1,Placed
6.6,45.0,1.0,3,No,1,2,Not Placed
7.53,69.0,4.0,5,No,0,2,Placed
7.49,61.0,5.0,2,No,2,1,Placed
8.59,87.0,5.0,4,Yes,1,3,Placed
7.97,68.0,4.0,4,Yes,0,2,Placed
7.47,68.0,3.0,2,No,3,0,Not Placed
8.32,70.0,4.0,1,No,0,1,Placed
8.89,98.0,2.0,2,Yes,4,1,Placed
8.06,71.0,3.0,4,Yes,2,3,Placed
7.51,88.0,3.0,2,No,1,2,Placed
6.19,67.0,3.0,2,No,3,1,Not Placed
6.43,66.0,4.0,3,Yes,2,2,Placed
7.19,71.0,2.0,3,No,0,1,Not Placed
6.89,69.0,3.0,2,No,1,1,Not Placed
7.31,49.0,5.0,2,No,0,0,Not Placed
7.56,67.0,1.0,3,Yes,1,1,Placed
8.03,82.0,3.0,3,No,2,2,Placed
7.43,68.0,5.0,3,Yes,1,0,Placed
7.99,59.0,3.0,2,Yes,1,1,Placed
7.56,69.0,3.0,4,Yes,1,3,Placed
5.52,71.0,2.0,2,No,2,0,Not Placed
6.56,74.0,3.0,3,No,0,1,Not Placed
7.36,68.0,4.0,3,Yes,1,3,Placed
6.29,69.0,3.0,2,No,0,1,Not Placed
8.1,71.0,3.0,2,No,1,0,Not Placed
9.03,65.0,1.0,4,No,0,2,Placed
8.72,70.0,1.0,3,Yes,1,2,Placed
7.29,83.0,5.0,3,No,0,2,Placed
8.99,79.0,3.0,3,Yes,0,1,Placed
7.65,68.0,3.0,5,Yes,3,2,Placed
7.16,64.0,1.0,3,No,0,3,Not Placed
6.89,84.0,4.0,1,No,1,1,Placed
7.2,83.0,5.0,2,Yes,0,3,Placed
7.11,89.0,3.0,3,Yes,1,2,Placed
7.67,69.0,2.0,4,No,1,4,Placed
7.66,74.0,3.0,3,No,1,1,Placed
7.5,54.0,4.0,4,Yes,0,3,Placed
7.94,88.0,3.0,3,No,1,0,Placed
8.69,67.0,4.0,3,Yes,1,2,Placed
8.45,79.0,3.0,4,Yes,2,2,Placed
6.02,47.0,4.0,4,No,1,2,Placed
5.0,44.0,3.0,2,No,1,2,Not Placed
8.43,69.0,2.0,4,Yes,0,3,Placed
6.13,52.0,3.0,1,No,0,0,Not Placed
7.28,62.0,2.0,4,No,0,3,Placed
6.33,55.0,5.0,2,No,0,0,Not Placed
5.7,63.0,4.0,1,No,0,1,Not Placed
8.04,63.0,4.0,3,No,1,3,Placed
8.26,78.0,3.0,3,Yes,1,1,Placed
6.92,77.0,2.0,2,No,3,2,Placed
5.0,44.0,4.0,1,No,0,0,Not Placed
6.95,58.0,3.0,2,No,1,1,Not Placed
7.89,70.0,2.0,3,No,2,2,Placed
6.02,69.0,3.0,3,No,1,1,Not Placed
7.68,73.0,1.0,3,Yes,0,1,Placed
7.48,64.0,3.0,2,No,0,2,Not Placed
8.08,79.0,3.0,4,Yes,0,3,Placed
7.62,59.0,2.0,4,Yes,1,2,Placed
6.53,69.0,5.0,3,No,2,2,Not Placed
8.7,83.0,2.0,3,Yes,0,0,Placed
7.34,65.0,2.0,3,No,0,1,Not Placed
7.47,61.0,2.0,2,No,2,1,Not Placed
6.57,53.0,4.0,2,No,2,0,Not Placed
7.06,71.0,3.0,2,No,1,2,Not Placed
6.62,75.0,3.0,3,No,1,2,Placed
7.33,62.0,1.0,2,No,1,2,Not Placed
9.21,88.0,1.0,2,Yes,0,1,Placed
6.13,38.0,3.0,2,No,1,2,Not Placed
5.89,51.0,4.0,3,Yes,1,2,Not Placed
8.97,81.0,4.0,4,Yes,3,3,Placed
7.29,59.0,1.0,2,No,0,3,Not Placed
6.83,55.0,3.0,3,Yes,1,2,Placed
8.54,71.0,5.0,3,Yes,1,0,Placed
6.89,68.0,3.0,3,Yes,1,2,Placed
9.33,82.0,4.0,3,Yes,0,3,Placed
8.18,53.0,2.0,4,Yes,1,3,Placed
7.01,44.0,5.0,2,No,2,1,Placed
9.66,81.0,4.0,4,Yes,1,3,Placed
6.89,69.0,5.0,1,No,1,4,Not Placed
8.24,48.0,4.0,3,Yes,0,0,Placed
7.8,67.0,3.0,3,No,0,2,Placed
8.8,75.0,5.0,3,Yes,1,1,Placed
9.06,96.0,2.0,2,Yes,2,1,Placed
7.53,66.0,3.0,4,No,3,3,Placed
6.75,67.0,4.0,2,No,1,0,Not Placed
7.96,75.0,4.0,4,Yes,1,2,Placed
6.82,43.0,5.0,3,Yes,2,2,Placed
9.51,93.0,2.0,4,Yes,1,1,Placed
7.64,73.0,4.0,4,Yes,1,2,Placed
7.13,72.0,4.0,3,No,0,3,Placed
7.68,100.0,1.0,3,Yes,2,1,Placed
6.15,38.0,3.0,3,No,1,1,Not Placed
6.53,79.0,2.0,2,Yes,2,2,Not Placed
8.7,76.0,3.0,3,Yes,2,1,Placed
6.84,67.0,5.0,3,No,0,1,Placed
6.45,61.0,3.0,2,No,2,1,Not Placed
8.04,70.0,4.0,3,No,2,2,Placed
8.69,73.0,5.0,3,No,1,3,Placed
8.22,79.0,3.0,4,Yes,0,4,Placed
8.5,62.0,4.0,5,Yes,0,3,Placed
6.74,71.0,3.0,3,Yes,1,1,Placed
6.08,54.0,4.0,3,Yes,1,0,Placed
9.0,70.0,2.0,5,Yes,1,2,Placed
7.18,62.0,5.0,1,Yes,0,0,Not Placed
7.25,80.0,2.0,2,No,2,1,Placed
8.83,75.0,3.0,4,Yes,0,3,Placed
8.06,78.0,4.0,4,Yes,0,0,Placed
7.96,66.0,3.0,4,Yes,1,3,Placed
9.67,94.0,3.0,4,Yes,1,2,Placed
6.86,71.0,3.0,1,No,0,1,Not Placed
8.43,95.0,4.0,3,Yes,0,2,Placed
7.56,68.0,2.0,3,Yes,0,1,Placed
7.77,78.0,1.0,3,No,2,1,Not Placed
9.03,83.0,2.0,5,No,2,1,Placed
8.01,87.0,3.0,2,Yes,1,1,Placed
8.04,67.0,2.0,4,Yes,2,3,Placed
8.57,86.0,3.0,3,No,2,3,Placed
7.14,65.0,3.0,3,Yes,0,1,Placed
6.66,62.0,1.0,1,No,3,1,Not Placed
6.46,62.0,3.0,2,No,2,1,Not Placed
5.53,56.0,4.0,1,No,0,2,Not Placed
9.56,85.0,2.0,5,Yes,0,2,Placed
6.4,63.0,3.0,3,No,0,1,Placed
7.28,84.0,4.0,2,Yes,0,1,Placed
7.22,77.0,3.0,2,No,2,1,Not Placed
7.81,81.0,4.0,5,No,1,1,Placed
8.32,72.0,3.0,3,No,2,2,Placed
8.36,67.0,3.0,2,Yes,2,0,Placed
6.92,74.0,1.0,3,No,1,2,Not Placed
7.33,77.0,4.0,4,No,1,2,Placed
7.78,86.0,4.0,1,No,0,2,Not Placed
7.25,61.0,1.0,2,No,1,1,Not Placed
9.11,80.0,3.0,5,Yes,1,2,Placed
7.99,57.0,5.0,2,No,0,0,Not Placed
8.23,71.0,3.0,2,No,0,2,Placed
8.16,85.0,3.0,3,Yes,2,1,Placed
8.67,74.0,5.0,4,Yes,1,2,Placed
7.68,77.0,4.0,3,Yes,0,1,Placed
6.2,57.0,3.0,5,No,1,3,Placed
7.9,76.0,4.0,4,Yes,2,2,Placed
6.85,53.0,4.0,1,No,1,0,Not Placed
6.97,66.0,3.0,5,No,0,2,Placed
8.09,44.0,3.0,3,No,3,3,Placed
8.74,78.0,3.0,3,No,1,2,Placed
7.52,53.0,5.0,3,No,0,2,Placed
7.81,84.0,4.0,3,Yes,1,3,Placed
9.2,91.0,1.0,2,Yes,2,2,Placed
7.74,76.0,4.0,1,No,0,0,Placed
10.0,100.0,3.0,4,No,0,4,Placed
8.07,65.0,1.0,4,Yes,0,0,Placed
5.74,73.0,3.0,2,No,4,0,Not Placed
8.25,85.0,3.0,5,Yes,0,3,Placed
7.88,70.0,4.0,3,No,1,1,Placed
8.79,91.0,2.0,3,Yes,3,1,Placed
8.17,64.0,4.0,2,Yes,0,0,Placed
7.36,60.0,3.0,2,No,3,1,Placed
6.28,54.0,1.0,2,Yes,3,1,Not Placed
7.29,63.0,5.0,3,No,2,2,Not Placed
6.65,52.0,3.0,4,Yes,0,3,Placed
6.92,77.0,2.0,5,No,1,3,Placed
8.09,72.0,3.0,3,No,2,1,Placed
9.17,86.0,4.0,5,Yes,4,4,Placed
7.89,67.0,3.0,3,No,0,1,Not Placed
6.3,42.0,2.0,2,No,2,0,Not Placed
7.94,76.0,2.0,4,Yes,1,1,Placed
8.7,60.0,2.0,4,Yes,0,2,Placed
6.89,64.0,4.0,2,No,1,0,Not Placed
7.37,55.0,3.0,2,No,2,0,Not Placed
7.51,89.0,2.0,3,No,1,1,Placed
6.72,72.0,2.0,3,No,1,1,Placed
8.15,76.0,3.0,3,No,4,2,Placed
7.38,81.0,5.0,5,Yes,1,3,Placed
7.92,64.0,3.0,2,Yes,1,1,Placed
6.61,68.0,5.0,2,No,1,0,Not Placed
7.06,68.0,3.0,2,No,1,0,Not Placed
8.22,78.0,2.0,3,No,1,4,Placed
7.13,79.0,4.0,2,Yes,3,0,Placed
9.23,91.0,3.0,5,Yes,1,3,Placed
7.1,69.0,4.0,4,No,2,1,Placed
7.72,55.0,5.0,5,Yes,0,4,Placed
,67.0,1.0,4,Yes,0,2,Placed
6.08,57.0,1.0,4,Yes,1,2,Not Placed
5.74,56.0,4.0,2,No,0,1,Not Placed
5.97,46.0,2.0,3,No,0,2,Not Placed
8.76,100.0,2.0,3,No,1,1,Placed
6.95,80.0,1.0,2,Yes,0,1,Placed
10.0,96.0,1.0,4,Yes,0,3,Placed
6.94,66.0,4.0,2,No,1,0,Placed
7.68,69.0,2.0,3,No,1,0,Placed
9.04,72.0,3.0,5,Yes,3,2,Placed
9.51,86.0,3.0,4,Yes,1,1,Placed
9.56,89.0,3.0,2,Yes,1,1,Placed
8.71,67.0,1.0,3,No,3,1,Placed
8.52,81.0,4.0,2,No,2,1,Placed
8.09,73.0,1.0,2,Yes,0,0,Placed
